config,F1_cv,delta
sem textura,0.8987759024016565,-0.02940662829091445
sem cor,0.9071417538285008,-0.021040776864070132
sem hu,0.9260220368654103,-0.002160493827160659
TODAS,0.928182530692571,0.0
sem forma,0.928229705739746,4.717504717499654e-05
sem podridao,0.9299861068230936,0.0018035761305226217
