grupo,n_feats,F1_cv,std
cor+textura,34,0.9283950617283951,0.03695464085702658
TODAS,52,0.928182530692571,0.031208595887249262
cor+textura+forma,42,0.9201851851851851,0.05046937136037414
cor,18,0.8985204719534444,0.010622887062422223
textura,16,0.858506021150437,0.03675394675212583
podridao,3,0.7979315806145075,0.04120318729279269
forma,8,0.5991098222898664,0.04087112586962706
hu,7,0.567833051645412,0.04126512001930543
