modelo,acuracia,precisao,recall,F1,ROC_AUC
SVM,0.9753086419753086,0.975,0.975,0.975,0.9939024390243902
KNN,0.9506172839506173,0.95,0.95,0.95,0.9795731707317074
RandomForest,0.9382716049382716,0.926829268292683,0.95,0.9382716049382716,0.9829268292682926
LogReg,0.9135802469135802,0.9024390243902439,0.925,0.9135802469135802,0.9591463414634147
